,tweet,id
0,"En la SecretarÃ­a de Turismo de Guerrero estamos comprometidos en promover el turismo con un enfoque inclusivo y respetuoso de los derechos humanos. Por eso, nuestro titular, Santos RamÃ­rez Cuevas, se reuniÃ³ con  representantes de la ComisiÃ³n de los Derechos Humanos del Estado. https://t.co/DcKpxqOpgu",1022614028
1,Turismo Accesible e Inclusivo para todas las personas https://t.co/5NYnRYItUP,62425998
2,"RT @BarcelonaInfoES: Seguimos apostando por el turismo inclusivo y accesible, ahora con la ruta Easy Walking Tour para personas con movilidâ€¦",1644767248131784705
3,RT @cubadebatecu: ğŸ¤¥ğŸ”„ğŸ“² El Grupo de Turismo Gaviota desmintiÃ³ los rumores que circulan en redes sociales sobre la limitaciÃ³n de entrada de clâ€¦,1588487203562426368
4,RT @cubadebatecu: ğŸ¤¥ğŸ”„ğŸ“² El Grupo de Turismo Gaviota desmintiÃ³ los rumores que circulan en redes sociales sobre la limitaciÃ³n de entrada de clâ€¦,1591421954552102913
5,"Health Tourisme, turismo de salud, turismo inclusivo, turismo de recuperaciÃ³n; estos son los grandes retos que los Tour operadores desean realizar en las Islas Canarias y Fuerteventura en particular. Nuestro Personal, nuestra DirecciÃ³n EstratÃ©gica tambiÃ©nâ€¦https://t.co/T3MA9GDTqd",527576859
6,"RT @BarcelonaInfoES: Seguimos apostando por el turismo inclusivo y accesible, ahora con la ruta Easy Walking Tour para personas con movilidâ€¦",1055236802
7,Â¿QuÃ© medidas crees que son fundamentales para lograr un turismo realmente inclusivo?,390277815
8,"RT @Sernatur2: ğŸ“£Trabajo colaborativo entre Sernatur #Antofagasta y @Senadis_Antof, para desarrollar iniciativas de turismo accesible e inclâ€¦",1327450302
9,"RT @AceroTitan: ğŸ–ğŸ‘‰ğŸ¨  ğŸ @GaviotaTurismo En su sitio web, Gaviota S.A. reafirma su compromiso con un turismo inclusivo, al afirmar: â€œcreemosâ€¦",1479110390743109632
10,"21/6/23. Tornano le attivitÃ  del Turismo sociale e inclusivo dal 26/6 al 31/8 a Sottomarina. Il Progetto vede il contributo della Presidenza del Consiglio dei Ministri e la collaborazione di Regione Veneto, Ulss 3, col coinvolgimento del Comune e degli operatori turistici (v.FB) https://t.co/mFjzDMDK5q",251130873
11,"RT @BarcelonaInfoES: Seguimos apostando por el turismo inclusivo y accesible, ahora con la ruta Easy Walking Tour para personas con movilidâ€¦",621228571
12,RT @cubadebatecu: ğŸ¤¥ğŸ”„ğŸ“² El Grupo de Turismo Gaviota desmintiÃ³ los rumores que circulan en redes sociales sobre la limitaciÃ³n de entrada de clâ€¦,1630227789453447168
13,RT @cubadebatecu: ğŸ¤¥ğŸ”„ğŸ“² El Grupo de Turismo Gaviota desmintiÃ³ los rumores que circulan en redes sociales sobre la limitaciÃ³n de entrada de clâ€¦,1588487203562426368
14,RT @MJLandaburu: Hay que promover un turismo inclusivo y sostenible. Esto implica garantizar que el mayor nÃºmero de personas tengan la posiâ€¦,3387499252
15,"Seguimos apostando por el turismo inclusivo y accesible, ahora con la ruta Easy Walking Tour para personas con movilidad reducida y por la accesibilidad universal.  

ğŸŸï¸https://t.co/wdBlQgclmu

@BarcelonaInfoES @bcn_ajuntament @cambrabcn @TurismeDIBA @BCN_Accessible https://t.co/1oROCfNUyN",518643175
16,"Fvg in #movimento, 10.000 passi di salute: 91 Comuni per 78 percorsi per promuovere un turismo sano, inclusivo e accessibile. Riscoprire le bellezze del territorio con percorsi turistici meno conosciuti e accessibili a tutti significa anche stare in #salute 
@regioneFVGit https://t.co/cpkIlZWkUD",2327342227
17,"RT @MMarreroCruz: Intercambiamos sobre las diferentes estrategias para contribuir al desarrollo, sobre todo, promoviendo un #Turismo inclusâ€¦",1568207273561931777
18,"RT @Sernatur2: ğŸ“£Trabajo colaborativo entre Sernatur #Antofagasta y @Senadis_Antof, para desarrollar iniciativas de turismo accesible e inclâ€¦",3100645402
19,"RT @Sernatur2: ğŸ“£Trabajo colaborativo entre Sernatur #Antofagasta y @Senadis_Antof, para desarrollar iniciativas de turismo accesible e inclâ€¦",2265631799
20,"RT @Sernatur2: ğŸ“£Trabajo colaborativo entre Sernatur #Antofagasta y @Senadis_Antof, para desarrollar iniciativas de turismo accesible e inclâ€¦",80067612
21,"ğŸ“£Trabajo colaborativo entre Sernatur #Antofagasta y @Senadis_Antof, para desarrollar iniciativas de turismo accesible e inclusivo.
Se hace tambiÃ©n el llamado a directores de escuelas especiales a postular al programa Gira de Estudio, para los cuales se tienen cupos reservados. https://t.co/X3HM1Rq56W",1337273377
22,"[BR] No mÃªs do orgulho LGBT, Saulo Santos recebe trofÃ©u 'Cores do Turismo' do Festuris: Em comemoraÃ§Ã£o ao mÃªs do Orgulho LGBT, a organizaÃ§Ã£o busca homenagear pessoas que trabalham para um turismo mais inclusivo. https://t.co/HkcnVrF56K",186478529
23,"RT @SernaturAtacama: ğŸ“£ Â¡AtenciÃ³n emprendedoras del sector turÃ­stico! Â¿Eres una mujer valiente, visionaria y apasionada por el turismo susteâ€¦",1598131054442782720
24,"RT @SernaturAtacama: ğŸ“£ Â¡AtenciÃ³n emprendedoras del sector turÃ­stico! Â¿Eres una mujer valiente, visionaria y apasionada por el turismo susteâ€¦",80067612
25,RT @cubadebatecu: ğŸ¤¥ğŸ”„ğŸ“² El Grupo de Turismo Gaviota desmintiÃ³ los rumores que circulan en redes sociales sobre la limitaciÃ³n de entrada de clâ€¦,1608223793989705728
26,"RT @SernaturAtacama: ğŸ“£ Â¡AtenciÃ³n emprendedoras del sector turÃ­stico! Â¿Eres una mujer valiente, visionaria y apasionada por el turismo susteâ€¦",823434512
27,"ğŸ“£ Â¡AtenciÃ³n emprendedoras del sector turÃ­stico! Â¿Eres una mujer valiente, visionaria y apasionada por el turismo sustentable e inclusivo? ğŸ“· SÃ© parte del concurso #MujerEmpresariaTurÃ­stica y participa por premios que potenciarÃ¡n tu negocio. ğŸ“·https://t.co/k15J6uTUS6 https://t.co/kucoSaUcQF",395372230
28,"Exijamos justicia y el respeto a los derechos humanos, promoviendo un turismo inclusivo, seguro y consciente.

Apoyemos a #JujuyResiste en su lucha contra la violencia y la impunidad. Juntos podemos construir una sociedad en la que el turismo sea una experiencia enriquecedora y",4854230843
29,RT @MJLandaburu: Hay que promover un turismo inclusivo y sostenible. Esto implica garantizar que el mayor nÃºmero de personas tengan la posiâ€¦,1112153808
30,RT @MJLandaburu: Hay que promover un turismo inclusivo y sostenible. Esto implica garantizar que el mayor nÃºmero de personas tengan la posiâ€¦,2712727595
31,"turismo solidario hablamos ??? La persona con discapacidad se paga su viaje , sus excursiones , su estadÃ­a y comidas , donde estÃ¡ la solidaridad ???? Hasta el hartazgo voy q decirlo, SOMOS UN PAÃS QUE SE DICE INCLUSIVO PORQUE ESTÃ SOCIALMENTE BIEN VISTO PERO LA REALIDAD ES",1298627356953923584
32,RT @MJLandaburu: Hay que promover un turismo inclusivo y sostenible. Esto implica garantizar que el mayor nÃºmero de personas tengan la posiâ€¦,636035098
33,RT @MJLandaburu: Hay que promover un turismo inclusivo y sostenible. Esto implica garantizar que el mayor nÃºmero de personas tengan la posiâ€¦,2195816622
34,RT @MJLandaburu: Hay que promover un turismo inclusivo y sostenible. Esto implica garantizar que el mayor nÃºmero de personas tengan la posiâ€¦,4784728282
35,Hay que promover un turismo inclusivo y sostenible. Esto implica garantizar que el mayor nÃºmero de personas tengan la posibilidad de disfrutar de unas vacaciones de verano dignas. https://t.co/YRGtGjbuCG,317204671
36,Necessidades especiais: A importÃ¢ncia do turismo acessÃ­vel e inclusivo https://t.co/pk13Y4hiOo via @NotÃ­cias de Aveiro,243147791
37,https://t.co/XLeQlMvFpp,3813052822
38,RT @cubadebatecu: ğŸ¤¥ğŸ”„ğŸ“² El Grupo de Turismo Gaviota desmintiÃ³ los rumores que circulan en redes sociales sobre la limitaciÃ³n de entrada de clâ€¦,1588487203562426368
39,"ğŸ“£ Â¡AtenciÃ³n emprendedoras visionarias y apasionadas por el turismo sustentable e inclusivo!
Te invitamos a postular al Concurso MUJER EMPRESARIA TURÃSTICA 2023, certamen que Sernatur organiza en conjunto con el Ministerio de la Mujer y la Equidad de GÃ©nero y BancoEstado. https://t.co/T1sOezqbEo",1427674160885547024
40,RT @iila_org: Muy Proficua reuniÃ³n con el Gobernador de Tabasco @cmmerino profundizando algunas temÃ¡ticas de comÃºn interÃ©s sobretodo para iâ€¦,811962017619787776
41,"Eliminare ogni barriera, il turismo passa anche per il ""Blu inclusivo""
https://t.co/jZrImvSZvT",501566207
42,"RT @AceroTitan: ğŸ–ğŸ‘‰ğŸ¨  ğŸ @GaviotaTurismo En su sitio web, Gaviota S.A. reafirma su compromiso con un turismo inclusivo, al afirmar: â€œcreemosâ€¦",1567472672526798848
43,El Puerto de Valencia impulsa el turismo inclusivo y accesible en la 62Âª Asamblea de MedCruise https://t.co/MKSRvS8JVG #turismo #cruceros,101772207
44,RT @cubadebatecu: ğŸ¤¥ğŸ”„ğŸ“² El Grupo de Turismo Gaviota desmintiÃ³ los rumores que circulan en redes sociales sobre la limitaciÃ³n de entrada de clâ€¦,1630227789453447168
45,"Impulso al turismo sostenible en cadenas de valor productiva Propuesta Kotosh DER HUÃNUCO 

IntegraciÃ³n 4 hÃ©lices para Turismo de impacto mundial 
Sostenible
Inclusivo 
Innovador 
TecnolÃ³gico
Cultural 
De clase mundial

Universidad Nacional Hermilio Valdiâ€¦https://t.co/Z909gVP7A4",265260912
46,RT @cubadebatecu: ğŸ¤¥ğŸ”„ğŸ“² El Grupo de Turismo Gaviota desmintiÃ³ los rumores que circulan en redes sociales sobre la limitaciÃ³n de entrada de clâ€¦,1588487203562426368
47,RT @iila_org: Muy Proficua reuniÃ³n con el Gobernador de Tabasco @cmmerino profundizando algunas temÃ¡ticas de comÃºn interÃ©s sobretodo para iâ€¦,49724422
48,RT @AlejandroRodRo8: ğŸ“¢Alertasâ—. Es falso los rumores que circulan en redes sociales sobre limitaciones de entradas de clientes nacionales aâ€¦,1519428808482467843
49,"@RicardoBajo CÃ³mo incluir un idioma mÃ¡s es malo o quita algo? Todo lo contrario, suma. La Paz debe apuntar a ser un punto referente de turismo. Muy inclusivo, en mi opiniÃ³n. Me parece qusted tiene complejos que tratar en terapia, o simplemente le gusta excluir a personas en lugar de incluir",1379105695656730628
50,RT @cubadebatecu: ğŸ¤¥ğŸ”„ğŸ“² El Grupo de Turismo Gaviota desmintiÃ³ los rumores que circulan en redes sociales sobre la limitaciÃ³n de entrada de clâ€¦,1658907863668989971
51,"Muy Proficua reuniÃ³n con el Gobernador de Tabasco @cmmerino profundizando algunas temÃ¡ticas de comÃºn interÃ©s sobretodo para impulsar un desarrollo sustentable e inclusivo. 

@Turismo_Tabasco @Gobierno_Tab https://t.co/VTRmwdY9uE",297286051
52,"Refuerzan alianza #Tabasco e #Italia 
por un desarrollo sustentable e inclusivo

ğŸ“²Encuentra toda la info en: https://t.co/cqWP2HWyvB ğŸ‘ˆ

â€”
@cmmerino @iila_org @Gobierno_Tab @EmbaMexIta @ItalyinMEX @Nazione_Umbria @UmbriaTourism @TabascoUie https://t.co/MUNWZ4Vqek",49724422
53,"Invitacion: sÃ¡bado 17 de junio de 2023.

Conferencista. Lic. FermÃ­n Ponce de LeÃ³n.
Temas: Turismo inclusivo y Accesibilidad en los medios digitales.

Lugar: Comedor de los trabajadores de la AlcaldÃ­a Iztacalco, ubicado en Avenida TÃ©, esquina con Avenida Churubusco, CDMX.
16:00. https://t.co/CugId7VEZe",798382260709822464
54,"Descubre un MÃ©xico inclusivo y lleno de maravillas ğŸŒ´ğŸŒŠğŸŒŸğŸ‘
.
.
#ViBETV #inlusiÃ³n #turismo #turismoinclusivo 

https://t.co/ruknsmoHtU",1142706428
55,RT @cubadebatecu: ğŸ¤¥ğŸ”„ğŸ“² El Grupo de Turismo Gaviota desmintiÃ³ los rumores que circulan en redes sociales sobre la limitaciÃ³n de entrada de clâ€¦,1649484877899726848
56,@rpc_radio @pacocarreira Gracias a Dios usted si va a votaciones queda detrÃ¡s de la ambulancia! DÃ©jese de populismos y haga propuestas basada en enconomia verde y potenciar el turismo con enfoque inclusivo a las comunidades,1242266728060444673
57,RT @cubadebatecu: ğŸ¤¥ğŸ”„ğŸ“² El Grupo de Turismo Gaviota desmintiÃ³ los rumores que circulan en redes sociales sobre la limitaciÃ³n de entrada de clâ€¦,1571609215231213585
58,RT @cubadebatecu: ğŸ¤¥ğŸ”„ğŸ“² El Grupo de Turismo Gaviota desmintiÃ³ los rumores que circulan en redes sociales sobre la limitaciÃ³n de entrada de clâ€¦,1649398710655131649
59,RT @cubadebatecu: ğŸ¤¥ğŸ”„ğŸ“² El Grupo de Turismo Gaviota desmintiÃ³ los rumores que circulan en redes sociales sobre la limitaciÃ³n de entrada de clâ€¦,803250070338568193
60,"RT @ACN_Cuba: ğŸ Gaviota S.A. reafirma su compromiso con un turismo inclusivo, al afirmar: â€œcreemos firmemente que todos nuestros clientes iâ€¦",1448613570665762820
61,RT @guevara_iria: El grupo hotelero Gaviota desmiente rumores en redes sociales de limitaciÃ³n de acceso a sus instalaciones por parte de tuâ€¦,1584572826090184704
62,"Desde la Sectur Oaxaca fomentamos el turismo inclusivo y accesible, para que puedan explorar y disfrutar de nuevos destinos enriqueciendo su vida. âœˆï¸ğŸŒ 

#Oaxaca #TierraOrgullosaDeSusRaÃ­ces #DÃ­aDeLaConcienciaDelAbusoEnLaVejez #AmorYRespetoALosMayores #TurismoInclusivo",242425003
63,"RT @lahoneyprieto: Â¡Llegamos al FITS!

Estamos en los pitches de proyectos sociales, el proyecto de Gerardo es sobre turismo inclusivo ğŸ‘ğŸ’šâ€¦",238175012
64,"Â¡Llegamos al FITS!

Estamos en los pitches de proyectos sociales, el proyecto de Gerardo es sobre turismo inclusivo ğŸ‘ğŸ’š

@desdewingu @ML_Mexico https://t.co/vcbKbzThcp",326868791
65,"#PorSiNoLoLeÃ­ste | El turismo inclusivo estÃ¡ tomando cada vez mÃ¡s fuerza alrededor del mundo, por eso, te contamos cuÃ¡les sitios consideraron el bienestar y la accesibilidad de personas con neurodivergencia. Â¡Toma nota! 
https://t.co/Ce4uVLTOMp",301506817
66,RT @CanalCaribeCuba: #Cuba ğŸ‡¨ğŸ‡º | El Grupo de Turismo #Gaviota desmintiÃ³ los rumores que circulan en redes sociales sobre la limitaciÃ³n de enâ€¦,1652155717959274496
67,"De 11 mil turistas que en dos meses han visitado la capital potosina, 196 han sido personas con discapacidad

https://t.co/1vugRXe8mf",211612192
68,"RT @sernaturcoquimb: #MujerEmpresariaTurÃ­stica ğŸ‘©ğŸ‘©â€ğŸ¦°ğŸ§‘â€ğŸ¦°ğŸ‘±â€â™€ï¸ğŸ‘©â€ğŸ¦± Â¡CuÃ©ntanos tÃº historia! 

âœ…ï¸ Participa hasta el 27 de junio en el concurso quâ€¦",2353405634
69,RT @cubadebatecu: ğŸ¤¥ğŸ”„ğŸ“² El Grupo de Turismo Gaviota desmintiÃ³ los rumores que circulan en redes sociales sobre la limitaciÃ³n de entrada de clâ€¦,1610014489516056576
70,Secretaria de Turismo e FederaÃ§Ã£o Israelita firmam parceria em prol do Turismo Judaico no estado de SÃ£o Paulo. Acordo tem por objetivo que o estado seja ainda mais inclusivo e mais tolerante a partir da criaÃ§Ã£o de novos roteiros que apresentem a cultura judaica,38172649
71,RT @CanalCaribeCuba: #Cuba ğŸ‡¨ğŸ‡º | El Grupo de Turismo #Gaviota desmintiÃ³ los rumores que circulan en redes sociales sobre la limitaciÃ³n de enâ€¦,1586340169174622217
72,RT @cubadebatecu: ğŸ¤¥ğŸ”„ğŸ“² El Grupo de Turismo Gaviota desmintiÃ³ los rumores que circulan en redes sociales sobre la limitaciÃ³n de entrada de clâ€¦,1243550570906075144
73,RT @cubadebatecu: ğŸ¤¥ğŸ”„ğŸ“² El Grupo de Turismo Gaviota desmintiÃ³ los rumores que circulan en redes sociales sobre la limitaciÃ³n de entrada de clâ€¦,1650559663719477248
74,"Un turismo con apego a la conservaciÃ³n del medio ambiente, inclusivo y accesible es fundamental en el impulso de este sector en el paÃ­s, segÃºn apuntÃ³ Adalberto Venero Lemus, viceministro del @MinturCuba durante la jornada de inicio del proyecto.",1197626804598644748
75,Acordo tem por objetivo que o estado seja ainda mais inclusivo e tolerante; a ideia Ã© criar guias para comunidade judaica de outros lugares https://t.co/4pNYPtcqiF,1561801936420184064
76,"#Vicenza Dieci tour della cittÃ  di Vicenza accessibili e inclusivi sono in programma nellâ€™ambito del progetto â€œTurismo sociale e inclusivoâ€. Iniziativa ministe...
https://t.co/A1xchxlwtZ",1904661260
77,RT @cubadebatecu: ğŸ¤¥ğŸ”„ğŸ“² El Grupo de Turismo Gaviota desmintiÃ³ los rumores que circulan en redes sociales sobre la limitaciÃ³n de entrada de clâ€¦,1621101999130288128
78,RT @cubadebatecu: ğŸ¤¥ğŸ”„ğŸ“² El Grupo de Turismo Gaviota desmintiÃ³ los rumores que circulan en redes sociales sobre la limitaciÃ³n de entrada de clâ€¦,1508118611327700995
79,IntervenciÃ³n en la Mesa de DiÃ¡logo de Turismo Inclusivo en Argentina https://t.co/YcLFtDqKlZ,151148352
80,"RT @MMarreroCruz: Intercambiamos sobre las diferentes estrategias para contribuir al desarrollo, sobre todo, promoviendo un #Turismo inclusâ€¦",1519431426705444865
81,RT @cubadebatecu: ğŸ¤¥ğŸ”„ğŸ“² El Grupo de Turismo Gaviota desmintiÃ³ los rumores que circulan en redes sociales sobre la limitaciÃ³n de entrada de clâ€¦,1076167244877574144
82,"â€œTurismo sociale e inclusivoâ€, dieci tour della cittÃ  di Vicenza accessibili a tutti. 
Consulta il programma: https://t.co/MUs2V7gVUa
ğŸ”µ Prenotazioni e informazioni: @IATVicenza https://t.co/wgzJaisv69",368834868
83,RT @cubadebatecu: ğŸ¤¥ğŸ”„ğŸ“² El Grupo de Turismo Gaviota desmintiÃ³ los rumores que circulan en redes sociales sobre la limitaciÃ³n de entrada de clâ€¦,1627817997069959169
84,RT @cubadebatecu: ğŸ¤¥ğŸ”„ğŸ“² El Grupo de Turismo Gaviota desmintiÃ³ los rumores que circulan en redes sociales sobre la limitaciÃ³n de entrada de clâ€¦,1607458790076551168
85,RT @CanalCaribeCuba: #Cuba ğŸ‡¨ğŸ‡º | El Grupo de Turismo #Gaviota desmintiÃ³ los rumores que circulan en redes sociales sobre la limitaciÃ³n de enâ€¦,1605249032238075905
86,RT @cubadebatecu: ğŸ¤¥ğŸ”„ğŸ“² El Grupo de Turismo Gaviota desmintiÃ³ los rumores que circulan en redes sociales sobre la limitaciÃ³n de entrada de clâ€¦,1582000833905958913
87,RT @cubadebatecu: ğŸ¤¥ğŸ”„ğŸ“² El Grupo de Turismo Gaviota desmintiÃ³ los rumores que circulan en redes sociales sobre la limitaciÃ³n de entrada de clâ€¦,1622982480440483841
88,RT @cubadebatecu: ğŸ¤¥ğŸ”„ğŸ“² El Grupo de Turismo Gaviota desmintiÃ³ los rumores que circulan en redes sociales sobre la limitaciÃ³n de entrada de clâ€¦,1621293016030781444
89,"#OvestVicentino Sono stati piÃ¹ diÂ 1600Â iÂ visitatoriÂ totali che hanno partecipato ai due appuntamenti di fine maggio e inizio giugno proposti nell'ambito del progettoÂ ...
https://t.co/tGva5j2Nzf",1904661260
90,@AsambleaSV El turismo debe ser inclusivo para todos no solo para los extranjeros.,186536596
91,"RT @GaviotaTurismo: ğŸ“£New Post #GaviotaActual.
Â¡Nota Informativa!
ReafirmaciÃ³n de nuestro compromiso con un turismo inclusivo y de calidad.â€¦",1442649706434334721
92,RT @cubadebatecu: ğŸ¤¥ğŸ”„ğŸ“² El Grupo de Turismo Gaviota desmintiÃ³ los rumores que circulan en redes sociales sobre la limitaciÃ³n de entrada de clâ€¦,1633886552072810497
93,RT @cubadebatecu: ğŸ¤¥ğŸ”„ğŸ“² El Grupo de Turismo Gaviota desmintiÃ³ los rumores que circulan en redes sociales sobre la limitaciÃ³n de entrada de clâ€¦,1405334165768347648
94,RT @cubadebatecu: ğŸ¤¥ğŸ”„ğŸ“² El Grupo de Turismo Gaviota desmintiÃ³ los rumores que circulan en redes sociales sobre la limitaciÃ³n de entrada de clâ€¦,1100123754926092288
95,RT @cubadebatecu: ğŸ¤¥ğŸ”„ğŸ“² El Grupo de Turismo Gaviota desmintiÃ³ los rumores que circulan en redes sociales sobre la limitaciÃ³n de entrada de clâ€¦,1459281069434408965
96,RT @CanalCaribeCuba: #Cuba ğŸ‡¨ğŸ‡º | El Grupo de Turismo #Gaviota desmintiÃ³ los rumores que circulan en redes sociales sobre la limitaciÃ³n de enâ€¦,1166049857699745794
97,RT @cubadebatecu: ğŸ¤¥ğŸ”„ğŸ“² El Grupo de Turismo Gaviota desmintiÃ³ los rumores que circulan en redes sociales sobre la limitaciÃ³n de entrada de clâ€¦,1656300995763138560
98,RT @CanalCaribeCuba: #Cuba ğŸ‡¨ğŸ‡º | El Grupo de Turismo #Gaviota desmintiÃ³ los rumores que circulan en redes sociales sobre la limitaciÃ³n de enâ€¦,1632082887523680257
99,RT @CanalCaribeCuba: #Cuba ğŸ‡¨ğŸ‡º | El Grupo de Turismo #Gaviota desmintiÃ³ los rumores que circulan en redes sociales sobre la limitaciÃ³n de enâ€¦,1592252285303898113
100,RT @SofialeticiaM: La SecretarÃ­a de EducaciÃ³n de Nuevo LeÃ³n y la @secturNL unimos esfuerzos para fomentar la cultura del turismo sostenibleâ€¦,1407909988845211648
101,RT @cubadebatecu: ğŸ¤¥ğŸ”„ğŸ“² El Grupo de Turismo Gaviota desmintiÃ³ los rumores que circulan en redes sociales sobre la limitaciÃ³n de entrada de clâ€¦,1592252285303898113
102,RT @cubadebatecu: ğŸ¤¥ğŸ”„ğŸ“² El Grupo de Turismo Gaviota desmintiÃ³ los rumores que circulan en redes sociales sobre la limitaciÃ³n de entrada de clâ€¦,1639648817577357314
103,RT @cubadebatecu: ğŸ¤¥ğŸ”„ğŸ“² El Grupo de Turismo Gaviota desmintiÃ³ los rumores que circulan en redes sociales sobre la limitaciÃ³n de entrada de clâ€¦,1460338658771410956
104,RT @sts_carina: Toda la comunidad LGBT+ debe ser respetada en cualquier rincÃ³n del mundo y quÃ© chido que MÃ©xico tenga destinos que reconozcâ€¦,1328243754332004355
105,RT @sts_carina: Toda la comunidad LGBT+ debe ser respetada en cualquier rincÃ³n del mundo y quÃ© chido que MÃ©xico tenga destinos que reconozcâ€¦,1514320326779408388
106,RT @CanalCaribeCuba: #Cuba ğŸ‡¨ğŸ‡º | El Grupo de Turismo #Gaviota desmintiÃ³ los rumores que circulan en redes sociales sobre la limitaciÃ³n de enâ€¦,1636802807725424670
107,"La SecretarÃ­a de EducaciÃ³n de Nuevo LeÃ³n y la @secturNL unimos esfuerzos para fomentar la cultura del turismo sostenible, responsable e inclusivo que inspire a nuestros estudiantes a explorar @nuevoleonmx y el mundo, de manera consciente y enriquecedora. @Maricarmen_MtzV https://t.co/uQgOYSefYD",1415688603280322560
108,RT @CanalCaribeCuba: #Cuba ğŸ‡¨ğŸ‡º | El Grupo de Turismo #Gaviota desmintiÃ³ los rumores que circulan en redes sociales sobre la limitaciÃ³n de enâ€¦,1636151208887955459
109,RT @sts_carina: Toda la comunidad LGBT+ debe ser respetada en cualquier rincÃ³n del mundo y quÃ© chido que MÃ©xico tenga destinos que reconozcâ€¦,1242983253650419714
110,RT @sts_carina: Toda la comunidad LGBT+ debe ser respetada en cualquier rincÃ³n del mundo y quÃ© chido que MÃ©xico tenga destinos que reconozcâ€¦,1328888443120791553
111,RT @cubadebatecu: ğŸ¤¥ğŸ”„ğŸ“² El Grupo de Turismo Gaviota desmintiÃ³ los rumores que circulan en redes sociales sobre la limitaciÃ³n de entrada de clâ€¦,1579859860618878976
112,RT @sts_carina: Toda la comunidad LGBT+ debe ser respetada en cualquier rincÃ³n del mundo y quÃ© chido que MÃ©xico tenga destinos que reconozcâ€¦,1263535829458264065
113,RT @guevara_iria: El grupo hotelero Gaviota desmiente rumores en redes sociales de limitaciÃ³n de acceso a sus instalaciones por parte de tuâ€¦,1546130620350349312
114,RT @CanalCaribeCuba: #Cuba ğŸ‡¨ğŸ‡º | El Grupo de Turismo #Gaviota desmintiÃ³ los rumores que circulan en redes sociales sobre la limitaciÃ³n de enâ€¦,1634983691658067969
115,"Toda la comunidad LGBT+ debe ser respetada en cualquier rincÃ³n del mundo y quÃ© chido que MÃ©xico tenga destinos que reconozca con amor la diversidad!! SÃ­ viajan, hÃ¡ganlo con AeromÃ©xico, sÃºper inclusivo!! #FelizMartes

https://t.co/1psbPsn06G",1415476809131495429
116,RT @TaniaIsabelAri1: El Grupo de Turismo Gaviota S.A. desmintiÃ³ rumores que circulan en redes sociales de Internet acerca de una supuesta lâ€¦,1546130620350349312
117,RT @AlejandroRodRo8: ğŸ“¢Alertasâ—. Es falso los rumores que circulan en redes sociales sobre limitaciones de entradas de clientes nacionales aâ€¦,1519436803450843137
118,RT @SalasCrece1010: Grupo de Turismo Gaviota desmintiÃ³ los rumores que circulan en redes digitales sobre la limitaciÃ³n de entrada de clientâ€¦,1519436803450843137
119,RT @RadioHabanaCuba: #Cuba ğŸ‡¨ğŸ‡º // @GaviotaTurismo reafirma su compromiso con un turismo inclusivo. Para este Grupo es una premisa que el espâ€¦,1485735688972779521
120,RT @cubadebatecu: ğŸ¤¥ğŸ”„ğŸ“² El Grupo de Turismo Gaviota desmintiÃ³ los rumores que circulan en redes sociales sobre la limitaciÃ³n de entrada de clâ€¦,1578005370966052868
121,RT @cubadebatecu: ğŸ¤¥ğŸ”„ğŸ“² El Grupo de Turismo Gaviota desmintiÃ³ los rumores que circulan en redes sociales sobre la limitaciÃ³n de entrada de clâ€¦,1348369997568028677
122,RT @cubadebatecu: ğŸ¤¥ğŸ”„ğŸ“² El Grupo de Turismo Gaviota desmintiÃ³ los rumores que circulan en redes sociales sobre la limitaciÃ³n de entrada de clâ€¦,1662121631408422913
123,RT @CanalCaribeCuba: #Cuba ğŸ‡¨ğŸ‡º | El Grupo de Turismo #Gaviota desmintiÃ³ los rumores que circulan en redes sociales sobre la limitaciÃ³n de enâ€¦,1651920181654847488
124,RT @cubadebatecu: ğŸ¤¥ğŸ”„ğŸ“² El Grupo de Turismo Gaviota desmintiÃ³ los rumores que circulan en redes sociales sobre la limitaciÃ³n de entrada de clâ€¦,1651920181654847488
125,"RT @ACN_Cuba: ğŸ Gaviota S.A. reafirma su compromiso con un turismo inclusivo, al afirmar: â€œcreemos firmemente que todos nuestros clientes iâ€¦",1516125537013542921
126,"""De acuerdo al Censo de poblaciÃ³n y vivienda de INEGI 2020, el 16.5% de la poblaciÃ³n en #PorSiNoLoViste | MÃ©xico son personas con discapacidad, lo cual equivale a casi 21 millones de personas en nuestro paÃ­s"".  #OpiniÃ³n de Claudia Lorena Peralta Antiga. ğŸ–Šï¸
https://t.co/BthXqMhM6Z",724810662631841793
